Sale_Number,Lease_Number,Bid_Amount,Company_Number,Protraction_ID,Block_Number,Acreage,Source_Sale
247,0035930,178150,3247,LA2A,313,5000.0,Unknown
247,0035931,178150,3247,LA2A,320,5000.0,Unknown
247,0035932,137777,2961,LA3,232,4525.79,Unknown
247,0035933,147777,2961,LA3A,57,5432.34,Unknown
247,0035934,137777,2961,LA3A,59,5000.0,Unknown
247,0035935,137777,2961,LA3C,74,5000.0,Unknown
247,0035936,143000,3026,LA3C,189,5000.0,Unknown
247,0035937,132000,3035,LA4,176,5000.0,Unknown
247,0035938,6000,2417,LA4,253,156.25,Unknown
247,0035939,151000,2417,LA4,260,5000.0,Unknown
247,0035940,175000,2417,LA4A,313,5000.0,Unknown
247,0035941,140000,3109,LA4A,335,5000.02,Unknown
247,0035942,126000,3109,LA4A,355,5000.0,Unknown
247,0035943,126000,3109,LA4A,358,5000.0,Unknown
247,0035944,127777,1999,LA4A,392,5000.0,Unknown
247,0035945,207150,3247,LA5,110,5000.0,Unknown
247,0035946,76777,1999,LA5,118,2500.0,Unknown
247,0035947,158000,2828,LA5,153,5000.0,Unknown
247,0035948,150000,3035,LA5,205,5000.0,Unknown
247,0035949,138000,3109,LA5A,257,5000.0,Unknown
247,0035950,130022,3296,LA5A,366,5000.0,Unknown
247,0035951,609000,2417,LA8A,117,4999.97,Unknown
247,0035952,3350380,59,NH16-07,953,5760.0,Unknown
247,0035953,150000,3035,NH16-07,985,5760.0,Unknown
247,0035954,1619500,3165,NH16-07,992,5760.0,Unknown
247,0035955,761000,3065,NH16-07,993,5760.0,Unknown
247,0035955,761000,3165,NH16-07,993,5760.0,Unknown
247,0035956,1687777,59,NH16-07,995,5760.0,Unknown
247,0035957,1300260,2219,NH16-07,1002,5760.0,Unknown
247,0035957,824824,2058,NH16-07,1002,5760.0,Unknown
247,0035957,824824,2668,NH16-07,1002,5760.0,Unknown
247,0035957,824824,1999,NH16-07,1002,5760.0,Unknown
247,0035958,2151888,3296,NH15-12,746,5552.99,Unknown
247,0035959,280522,730,NH15-12,788,5760.0,Unknown
247,0035960,3886522,730,NH15-12,833,5760.0,Unknown
247,0035961,3630260,2219,NH16-10,40,5760.0,Unknown
247,0035961,752752,2668,NH16-10,40,5760.0,Unknown
247,0035961,752752,1999,NH16-10,40,5760.0,Unknown
247,0035961,752752,2058,NH16-10,40,5760.0,Unknown
247,0035962,5134285,2219,NH16-10,41,5760.0,Unknown
247,0035963,2560730,78,NH16-10,118,5760.0,Unknown
247,0035964,625260,2219,NH16-10,128,5760.0,Unknown
247,0035965,763367,78,NH16-10,248,5760.0,Unknown
247,0035966,361965,3296,NH16-10,366,5760.0,Unknown
247,0035967,4056719,689,NH16-10,388,5760.0,Unknown
247,0035967,1640115,78,NH16-10,388,5760.0,Unknown
247,0035968,591730,78,NH16-10,411,5760.0,Unknown
247,0035969,591730,78,NH16-10,412,5760.0,Unknown
247,0035970,605707,59,NH16-10,421,5760.0,Unknown
247,0035971,2560730,78,NH16-10,434,5760.0,Unknown
247,0035972,2620787,59,NH16-10,464,5760.0,Unknown
247,0035972,1372908,78,NH16-10,464,5760.0,Unknown
247,0035973,3722737,59,NH16-10,465,5760.0,Unknown
247,0035973,1740115,78,NH16-10,465,5760.0,Unknown
247,0035974,650719,689,NH16-10,479,5760.0,Unknown
247,0035975,1372908,78,NH16-10,508,5760.0,Unknown
247,0035975,1095747,59,NH16-10,508,5760.0,Unknown
247,0035975,750322,2058,NH16-10,508,5760.0,Unknown
247,0035976,356125,3296,NH16-10,573,4734.85,Unknown
247,0035977,1640115,78,NH16-10,587,5760.0,Unknown
247,0035978,1640115,78,NH16-10,588,5760.0,Unknown
247,0035979,875555,2058,NH16-10,589,5760.0,Unknown
247,0035979,641115,78,NH16-10,589,5760.0,Unknown
247,0035980,585250,3247,NH16-10,637,5760.0,Unknown
247,0035981,1556719,689,NH16-10,653,5760.0,Unknown
247,0035981,641829,78,NH16-10,653,5760.0,Unknown
247,0035982,750719,689,NH16-10,654,5760.0,Unknown
247,0035982,641829,78,NH16-10,654,5760.0,Unknown
247,0035983,650719,689,NH16-10,655,5760.0,Unknown
247,0035984,757800,2668,NH16-10,795,5760.0,Unknown
247,0035984,757800,3394,NH16-10,795,5760.0,Unknown
247,0035984,757800,1308,NH16-10,795,5760.0,Unknown
247,0035984,757800,2058,NH16-10,795,5760.0,Unknown
247,0035985,750719,689,NH16-10,802,5760.0,Unknown
247,0035985,625555,2058,NH16-10,802,5760.0,Unknown
247,0035986,5056719,689,NH16-10,845,5760.0,Unknown
247,0035986,750888,2058,NH16-10,845,5760.0,Unknown
247,0035987,576915,2481,NH16-10,867,5760.0,Unknown
247,0035988,650522,730,NH16-10,881,5760.0,Unknown
247,0035989,1450522,730,NH16-10,882,5760.0,Unknown
247,0035990,3056719,689,NH16-10,944,5760.0,Unknown
247,0035991,655555,1308,NH16-10,945,5760.0,Unknown
247,0035992,757757,1999,NH16-10,972,5760.0,Unknown
247,0035993,750025,276,NH16-11,662,5760.0,Unknown
247,0035994,605707,59,NG15-02,217,5760.0,Unknown
247,0035995,605707,59,NG15-02,261,5760.0,Unknown
247,0035996,705025,276,NG15-02,611,5760.0,Unknown
247,0035997,610025,276,NG15-02,612,5760.0,Unknown
247,0035998,705025,276,NG15-02,655,5760.0,Unknown
247,0035999,705025,276,NG15-02,656,5760.0,Unknown
247,0036000,705025,276,NG15-02,684,5760.0,Unknown
247,0036001,900719,689,NG15-02,700,5760.0,Unknown
247,0036002,900719,689,NG15-02,701,5760.0,Unknown
247,0036003,705025,276,NG15-02,728,5760.0,Unknown
247,0036004,900719,689,NG15-02,729,5760.0,Unknown
247,0036005,591730,78,NG15-02,772,5760.0,Unknown
247,0036006,900719,689,NG15-02,773,5760.0,Unknown
247,0036006,763367,78,NG15-02,773,5760.0,Unknown
247,0036007,750719,689,NG15-02,780,5760.0,Unknown
247,0036008,750227,1500,NG15-02,821,5760.0,Unknown
247,0036009,704123,2873,NG15-02,827,5760.0,Unknown
247,0036010,704123,2873,NG15-02,828,5760.0,Unknown
247,0036011,704123,2873,NG15-02,873,5760.0,Unknown
247,0036012,900227,1500,NG15-02,912,5760.0,Unknown
247,0036012,641829,78,NG15-02,912,5760.0,Unknown
247,0036013,704123,2873,NG15-02,917,5760.0,Unknown
247,0036014,968976,2748,NG15-02,919,5760.0,Unknown
247,0036015,2250719,689,NG15-02,961,5760.0,Unknown
247,0036016,12600227,1500,NG15-02,1006,5760.0,Unknown
247,0036016,3157976,2748,NG15-02,1006,5760.0,Unknown
247,0036016,2470717,2873,NG15-02,1006,5760.0,Unknown
247,0036016,2470717,1500,NG15-02,1006,5760.0,Unknown
247,0036016,2250719,689,NG15-02,1006,5760.0,Unknown
247,0036016,2180829,78,NG15-02,1006,5760.0,Unknown
247,0036017,3769784,59,NG15-03,28,5760.0,Unknown
247,0036018,6833767,59,NG15-03,72,5760.0,Unknown
247,0036019,802787,59,NG15-03,116,5760.0,Unknown
247,0036020,676915,2481,NG15-03,124,5760.0,Unknown
247,0036021,600000,3035,NG15-03,198,5760.0,Unknown
247,0036022,590025,276,NG15-03,204,5760.0,Unknown
247,0036023,650888,3238,NG15-03,242,5760.0,Unknown
247,0036023,650888,1308,NG15-03,242,5760.0,Unknown
247,0036023,650888,1999,NG15-03,242,5760.0,Unknown
247,0036024,590025,276,NG15-03,249,5760.0,Unknown
247,0036025,5275025,276,NG15-03,250,5760.0,Unknown
247,0036025,3203000,3026,NG15-03,250,5760.0,Unknown
247,0036026,2175025,276,NG15-03,251,5760.0,Unknown
247,0036027,576000,2277,NG15-03,260,5760.0,Unknown
247,0036028,2150025,276,NG15-03,283,5760.0,Unknown
247,0036029,18327777,59,NG15-03,287,5760.0,Unknown
247,0036029,2830425,78,NG15-03,287,5760.0,Unknown
247,0036029,1556719,689,NG15-03,287,5760.0,Unknown
247,0036030,576000,2277,NG15-03,304,5760.0,Unknown
247,0036031,2150025,276,NG15-03,319,5760.0,Unknown
247,0036032,775025,276,NG15-03,340,5760.0,Unknown
247,0036033,775025,276,NG15-03,341,5760.0,Unknown
247,0036034,585150,3247,NG15-03,367,5760.0,Unknown
247,0036035,603000,3026,NG15-03,379,5760.0,Unknown
247,0036036,775025,276,NG15-03,384,5760.0,Unknown
247,0036037,590025,276,NG15-03,401,5760.0,Unknown
247,0036038,585150,3247,NG15-03,416,5760.0,Unknown
247,0036039,625260,2219,NG15-03,429,5760.0,Unknown
247,0036040,590025,276,NG15-03,445,5760.0,Unknown
247,0036041,1001260,2219,NG15-03,473,5760.0,Unknown
247,0036042,625260,2219,NG15-03,474,5760.0,Unknown
247,0036043,590025,276,NG15-03,486,5760.0,Unknown
247,0036044,711115,78,NG15-03,505,5760.0,Unknown
247,0036045,625260,2219,NG15-03,517,5760.0,Unknown
247,0036046,625260,2219,NG15-03,566,5760.0,Unknown
247,0036047,3038291,78,NG15-03,598,5760.0,Unknown
247,0036048,625260,2219,NG15-03,605,5760.0,Unknown
247,0036049,940823,59,NG15-03,618,5760.0,Unknown
247,0036050,650719,689,NG15-03,636,5760.0,Unknown
247,0036051,11307829,78,NG15-03,642,5760.0,Unknown
247,0036052,763367,78,NG15-03,713,5760.0,Unknown
247,0036053,2555555,1308,NG15-03,722,5760.0,Unknown
247,0036053,2555555,1999,NG15-03,722,5760.0,Unknown
247,0036053,2555555,2668,NG15-03,722,5760.0,Unknown
247,0036053,1372908,78,NG15-03,722,5760.0,Unknown
247,0036054,621915,2277,NG15-03,738,5760.0,Unknown
247,0036054,621915,2481,NG15-03,738,5760.0,Unknown
247,0036055,763367,78,NG15-03,755,5760.0,Unknown
247,0036056,599915,2277,NG15-03,870,5760.0,Unknown
247,0036056,599915,2481,NG15-03,870,5760.0,Unknown
247,0036057,663552,2219,NG15-03,926,5760.0,Unknown
247,0036057,663552,3228,NG15-03,926,5760.0,Unknown
247,0036058,790272,2219,NG15-03,929,5760.0,Unknown
247,0036058,790272,3228,NG15-03,929,5760.0,Unknown
247,0036059,757757,1999,NG15-03,935,5760.0,Unknown
247,0036060,755557,2668,NG15-03,943,5760.0,Unknown
247,0036060,755557,1308,NG15-03,943,5760.0,Unknown
247,0036060,755557,3394,NG15-03,943,5760.0,Unknown
247,0036060,755557,3238,NG15-03,943,5760.0,Unknown
247,0036060,755557,1999,NG15-03,943,5760.0,Unknown
247,0036061,1655555,3394,NG15-03,944,5760.0,Unknown
247,0036061,1655555,2668,NG15-03,944,5760.0,Unknown
247,0036061,1655555,1308,NG15-03,944,5760.0,Unknown
247,0036061,1655555,3238,NG15-03,944,5760.0,Unknown
247,0036061,1655555,1999,NG15-03,944,5760.0,Unknown
247,0036062,1622888,3238,NG15-03,953,5760.0,Unknown
247,0036062,1622888,1308,NG15-03,953,5760.0,Unknown
247,0036062,1622888,2668,NG15-03,953,5760.0,Unknown
247,0036062,1622888,1999,NG15-03,953,5760.0,Unknown
247,0036063,752525,2058,NG16-01,20,5760.0,Unknown
247,0036063,752525,1308,NG16-01,20,5760.0,Unknown
247,0036063,752525,2668,NG16-01,20,5760.0,Unknown
247,0036063,752525,3394,NG16-01,20,5760.0,Unknown
247,0036064,24056719,689,NG16-01,64,5760.0,Unknown
247,0036064,3623976,2748,NG16-01,64,5760.0,Unknown
247,0036064,1655555,2058,NG16-01,64,5760.0,Unknown
247,0036065,591730,78,NG16-01,479,5760.0,Unknown
247,0036066,591730,78,NG16-01,523,5760.0,Unknown
247,0036067,591730,78,NG16-01,567,5760.0,Unknown
247,0036068,749319,1500,NG15-05,62,5760.0,Unknown
247,0036069,591730,78,NG15-05,299,5760.0,Unknown
247,0036070,591730,78,NG15-05,300,5760.0,Unknown
247,0036071,3710829,78,NG15-05,387,5760.0,Unknown
247,0036071,1556719,689,NG15-05,387,5760.0,Unknown
247,0036072,650719,689,NG15-05,388,5760.0,Unknown
247,0036073,650719,689,NG15-05,432,5760.0,Unknown
247,0036074,1661976,2748,NG15-05,612,5760.0,Unknown
247,0036075,608976,2748,NG15-05,656,5760.0,Unknown
247,0036076,1231976,2748,NG15-05,657,5760.0,Unknown
247,0036077,1788999,2058,NG15-05,736,5760.0,Unknown
247,0036078,1400260,2219,NG15-05,771,5760.0,Unknown
247,0036079,631976,2748,NG15-06,11,5760.0,Unknown
247,0036080,21237976,2748,NG15-06,55,5760.0,Unknown
247,0036080,1763712,3228,NG15-06,55,5760.0,Unknown
247,0036080,1763712,2219,NG15-06,55,5760.0,Unknown
247,0036081,625536,2219,NG15-06,144,5760.0,Unknown
247,0036081,625536,3228,NG15-06,144,5760.0,Unknown
247,0036082,3618976,2748,NG15-06,145,5760.0,Unknown
247,0036083,11124976,2748,NG15-06,189,5760.0,Unknown
247,0036084,582976,2748,NG15-06,316,5760.0,Unknown
247,0036085,955976,2748,NG15-06,443,5760.0,Unknown
247,0036086,591976,2748,NG15-06,487,5760.0,Unknown
247,0036087,2156719,689,NG15-06,594,5760.0,Unknown
247,0036088,4556719,689,NG15-06,595,5760.0,Unknown
247,0036089,613976,2748,NG15-06,617,5760.0,Unknown
247,0036090,669976,2748,NG15-06,661,5760.0,Unknown
247,0036091,726250,2219,NG15-06,881,5760.0,Unknown
247,0036092,895260,2219,NG15-06,925,5760.0,Unknown
